sample	Signature_1	Signature_2	Signature_3	Signature_5	Signature_6	Signature_8	Signature_13	Signature_17	Signature_18	Signature_20	Signature_26	Signature_30	unassigned
MAGIC_2020_002.2020_002T	0	0	180.00837738507374	235.02470405563196	0	0	0	0	0	0	0	0	145.9669185592943
MAGIC_2020_003.2020_003T	767.8092902046511	0	1424.6979507327737	1143.2714108779264	0	517.9265349834222	0	0	0	0	0	0	624.2948132012266
MAGIC_2020_005.2020_005T	376.7319126059275	0	373.61589777634305	306.9338538669721	0	0	0	0	0	0	0	0	335.71833575075743
MAGIC_2020_006.2020_006T	240.43224780329442	0	229.52477299935805	424.4355522467498	0	0	0	0	0	0	0	0	136.60742695059776
MAGIC_2020_007.2020_007T	450.1107211398737	0	324.3280037549587	882.404005020461	0	0	0	0	0	0	0	0	455.1572700847066
MAGIC_2020_008.2020_008T	126.63784842920982	0	310.8405872986594	286.5809940862414	0	0	0	0	0	0	0	0	160.94057018588944
MAGIC_2020_009.2020_009T	191.6757276808036	0	481.52442851005384	994.3455835087098	0	0	0	0	0	0	0	0	379.4542603004329
MAGIC_2020_012.2020_012T	333.23590084348814	851.3299321053671	367.57043909810864	673.4172673157045	0	0	486.23365495823407	0	0	0	0	0	219.21280567909753
MAGIC_2020_013.2020_013T	199.86855540548981	0	0	762.261495177511	0	0	0	0	0	0	0	0	317.86994941699913
MAGIC_2020_014.2020_014T	754.549255061708	2831.086574260799	785.2197934964022	1843.5512432416167	0	0	1910.761289450285	0	0	0	0	0	279.8318444891893
MAGIC_2020_015.2020_015T	0	312.7920586310903	172.8736277466934	522.5850525708822	0	0	257.5694132758933	0	0	0	0	0	188.17984777544075
MAGIC_2020_017.2020_017T	637.0204097476355	0	513.5960277902618	1062.7078135477564	0	0	0	0	0	0	0	0	404.6757489143465
MAGIC_2020_018.2020_018T	0	0	3632.4181354184775	1658.8186142990985	0	4191.384555162354	0	0	0	0	0	0	2833.378695120069
MAGIC_2020_019.2020_019T	239.31533833995718	0	211.71883021205215	661.1020627956823	0	0	0	0	0	0	0	0	146.8637686523084
MAGIC_2020_021.2020_021T	333.2450314265507	183.03061160177066	346.9427184633297	382.3286870908744	0	0	0	0	0	0	0	186.27527499402726	398.17767642344734
MAGIC_2020_022.2020_022T	890.011353530482	233.75556671420622	0	1449.970308160618	0	0	0	0	449.50075956783024	0	0	0	657.7620120268634
MAGIC_2020_023.2020_023T	502.4673185744515	0	0	535.970293601448	0	230.64673667282818	0	0	0	0	0	0	468.9156511512724
MAGIC_2020_024.2020_024T	300.1883738183527	0	0	835.0634226418496	0	0	0	0	0	0	0	0	356.7482035397977
MAGIC_2020_027.2020_027T	267.4325419236559	0	0	761.7083110077504	0	0	0	0	0	0	0	0	443.85914706859376
MAGIC_2020_028.2020_028T	543.7831551429575	187.13624848097356	314.6185360819202	591.9441433296613	0	0	0	0	0	0	0	0	167.51791696448754
MAGIC_2020_029.2020_029T	229.33808261656483	0	189.86566942610253	549.816721637449	0	0	0	0	0	0	0	0	157.9795263198837
MAGIC_2020_030.2020_030T	978.6284989266453	0	409.23296329707193	1551.8444555950095	0	0	0	0	376.4844147449402	0	0	0	642.8096674363333
MAGIC_2020_032.2020_032T	841.2585092010684	0	958.4757179662688	1379.9983898766318	0	530.0384392807815	0	0	0	0	0	0	450.2289436752494
MAGIC_2020_033.2020_033T	247.3197286134531	0	418.9955430891649	788.638699941903	0	0	0	0	0	0	0	0	409.04602835547894
MAGIC_2020_034.2020_034T	493.4730840689535	0	450.4665542217069	739.9983328137143	0	0	0	0	0	0	0	0	408.0620288956252
MAGIC_2020_035.2020_035T	355.8444010972571	0	0	745.3087364450585	0	184.971591165033	0	0	0	0	0	155.66770584483248	271.207565447819
MAGIC_2020_037.2020_037T	1650.329057530737	0	0	847.2782731928663	0	0	0	0	0	0	0	0	495.39266927639665
MAGIC_2020_039.2020_039T	456.35745621640945	0	333.9961563312979	901.1425157705288	0	0	0	0	0	0	0	0	338.50387168176394
MAGIC_2020_040.2020_040T	263.7493270541648	0	312.48037971710744	589.1362911805254	0	0	0	0	0	0	0	0	255.63400204820232
MAGIC_2020_041.2020_041T	425.99369033843914	0	0	1168.8535138609159	0	0	0	0	0	0	0	0	460.152795800645
MAGIC_2020_042.2020_042T	569.2704799149183	0	303.06923867243074	756.2021933673457	0	0	0	0	0	0	0	0	357.45808804530543
MAGIC_2020_043.2020_043T	585.708905077883	0	2194.5901742697106	1285.0375578218886	0	747.3986121304886	0	0	0	0	0	0	951.2647507000293
MAGIC_2020_044.2020_044T	526.4090055093839	0	0	2299.629537192647	0	0	0	0	0	0	302.6089030425072	0	720.3525542554617
MAGIC_2020_045.2020_045T	393.48897498027594	0	0	1261.2527960864763	0	0	0	0	0	0	0	0	606.2582289332477
MAGIC_2020_047.2020_047T	431.1537508423577	0	448.56060853415954	1726.5786699596038	0	0	0	0	0	0	0	0	305.706970663879
MAGIC_2020_049.2020_049T	0	3545.0839428996646	0	638.3886712749936	0	0	0	0	0	0	0	810.9385299357766	536.5888558895649
MAGIC_2020_050.2020_050T	337.8476656912212	0	998.4452026438569	429.0540558427207	0	423.93244646589386	0	0	0	0	0	0	431.7206293563072
MAGIC_2020_051.2020_051T	450.15336562837285	0	265.1751052522593	594.0996058025939	0	0	0	0	0	0	0	0	289.5719233167738
MAGIC_2020_053.2020_053T	539.4947732888936	0	276.0517386111661	608.9375463356874	0	0	0	0	0	0	0	0	339.51594176425283
MAGIC_2020_055.2020_055T	521.8476323358924	0	0	1043.3452505246037	0	0	0	0	0	0	0	0	456.80711713950404
MAGIC_2020_056.2020_056T	0	3809.1110654458726	0	767.0625484889147	0	0	994.4010507651221	0	0	0	0	0	874.4253353000904
MAGIC_2020_057.2020_057T	480.2182170807115	0	2110.4632840113636	658.9766227907965	0	645.1058497793708	0	0	0	0	0	0	445.2360263377577
MAGIC_2020_058.2020_058T	415.2724086390366	0	0	852.7974352721841	0	0	0	0	0	0	0	0	382.9301560887793
MAGIC_2020_059.2020_059T	385.5003046689769	0	0	658.8768414384612	0	0	0	0	0	0	0	0	487.62285389256203
MAGIC_2020_060.2020_060T	431.495663441675	0	496.48871831516044	735.2946024394813	0	0	0	0	0	0	0	0	267.72101580368326
MAGIC_2020_061.2020_061T	349.4176194023511	0	1649.7083466126455	624.6038805378205	0	0	0	0	0	0	0	0	541.270153447183
MAGIC_2020_062.2020_062T	814.1726409204714	0	431.5139325731064	1273.3618997624708	0	0	0	0	0	0	0	0	754.9515267439515
MAGIC_2020_063.2020_063T	535.830119766003	214.07018056726568	322.4378066900615	657.2208789641077	0	0	0	0	0	0	0	0	300.44101401256216
MAGIC_2020_064.2020_064T	485.9029165426955	0	0	853.2405973819748	0	0	0	0	0	0	0	0	522.8564860753297
MAGIC_2020_065.2020_065T	728.8562641827764	0	1046.977479139374	1272.136648568975	0	0	0	0	0	0	0	0	273.0296081088745
MAGIC_2020_066.2020_066T	596.8084778532345	0	0	2474.0166643710145	0	0	343.4359233265558	0	0	0	0	0	826.7389344491953
MAGIC_2020_067.2020_067T	856.3531452699797	0	0	1596.532567061322	0	0	0	0	0	0	0	0	682.1142876686981
MAGIC_2020_068.2020_068T	696.2285642638782	0	0	511.9277500424313	0	0	0	0	0	0	0	0	681.8436856936905
MAGIC_2020_069.2020_069T	1302.8347075039965	1019.9391613189707	966.7642261039136	0	0	705.6488882803833	621.4454004956597	0	1304.7777247983179	0	0	0	819.5898914987583
MAGIC_2020_071.2020_071T	0	1796.1415472141089	441.97344031112635	869.7207535519349	0	0	1950.2404976063242	0	0	0	0	0	517.923761316506
MAGIC_2020_072.2020_072T	59.9746287401061	0	0	209.12078447561944	0	0	0	0	0	0	0	0	151.90458678427444
MAGIC_2020_073.2020_073T	407.11049918444587	1117.8675010595575	0	1132.5963995243897	0	0	1875.9629445563842	0	0	0	0	0	570.4626556752228
MAGIC_2020_074.2020_074T1	365.6075511722205	110.82072077205282	210.20015718919962	326.56696270503375	0	0	0	0	0	0	0	0	132.80460816149332
MAGIC_2020_075.2020_075T	530.1808585246997	0	3380.8654465169993	1118.682591647811	0	0	0	0	0	0	0	0	574.2711033104897
MAGIC_2020_076.2020_076T	567.6458308712723	0	501.05567095967814	1385.440033083457	0	0	0	0	0	0	0	0	311.8584650855928
MAGIC_2020_077.2020_077T	1295.0296596933326	232.51482646169097	0	756.7918181268983	0	0	0	0	0	0	0	0	649.6636957180781
MAGIC_2020_078.2020_078T	214.0982728711957	0	153.8693852294624	512.7302665914494	0	0	0	0	0	0	0	0	182.30207530789244
MAGIC_2020_079.2020_079T	292.0221343194528	0	145.5539343097865	400.28751604272713	0	0	0	0	0	0	0	0	119.13641532803354
MAGIC_2020_080.2020_080T	179.6911347212645	0	212.52230023139592	507.7276999432655	0	0	0	0	0	0	0	0	192.05886510407413
MAGIC_2020_081.2020_081T	881.3509595828127	356.3500639313541	292.1448098547704	795.1588667249343	0	0	0	0	0	0	0	0	318.99529990612837
MAGIC_2020_082.2020_082T	724.9349162784902	228.74339977344368	0	964.5853651216767	0	0	0	0	0	0	0	0	363.7363188263894
MAGIC_2020_083.2020_083T	353.75860475623733	112.36128107353672	233.67664759322486	504.3998112394495	0	0	0	0	0	0	0	149.38526583989113	166.41838949766043
MAGIC_2020_086.2020_086T	794.8809899592493	0	418.91308595621297	1281.349359008324	0	0	0	0	0	0	0	0	375.8565650762139
MAGIC_2020_087.2020_087T	0	0	777.6533544942247	494.8380871708307	0	0	0	0	0	0	0	0	600.5085583349446
MAGIC_2020_089.2020_089T	1041.5353552918286	0	738.4621729559889	1726.2872987189467	0	0	0	0	0	0	0	0	855.7151730332357
MAGIC_2020_090.2020_090T	388.31853155481156	0	0	834.4355921797874	0	213.2943899765267	0	0	0	0	0	0	329.9514862888743
MAGIC_2020_091.2020_091T	798.6122263275793	0	301.3854375734662	735.7081089975666	0	0	0	0	0	0	0	0	238.29422710138806
MAGIC_2020_093.2020_093T	673.3144942551315	0	3557.1567365254123	1709.778619218369	0	2547.9546783544924	0	0	0	0	0	0	701.7954716465956
MAGIC_2020_094.2020_094T	114.30608758407858	0	204.23124613954647	239.85710850931588	0	0	0	0	0	0	0	0	124.60555776705905
MAGIC_2020_096.2020_096T	710.2513514974503	0	473.228664110981	717.522536955244	0	0	0	0	0	0	0	0	456.9974474363246
MAGIC_2020_102.2020_102T	555.1838000159021	0	848.4342025575465	1457.0899231806588	0	0	0	0	0	0	0	0	615.2920742458928
MAGIC_2020_103.2020_103T	411.2851111204421	0	155.13780745250807	251.41582697050418	0	0	0	0	0	0	0	0	110.16125445654563
MAGIC_2020_104.2020_104T	123.03691832769292	0	189.65263755511745	230.99108972022856	0	0	0	0	0	0	0	0	159.3193543969611
MAGIC_2020_105.2020_105T	0	0	4466.778491543671	0	0	4058.511039471818	0	0	0	0	0	0	1583.710468984511
MAGIC_2020_106.2020_106T	432.52024552313276	0	0	880.2208930046435	0	179.78100848574076	0	0	0	0	0	0	161.47785298648296
MAGIC_2020_107.2020_107T	523.6295086005514	0	0	1081.8335168521778	0	0	0	0	0	0	0	0	380.5369745472708
MAGIC_2020_108.2020_108T	125.524930046096	0	0	403.05736177993424	0	0	0	0	0	0	0	0	224.4177081739698
MAGIC_2020_109.2020_109T	567.80978492539	0	718.9200349205898	1471.5602761209004	0	0	0	0	0	0	450.21896125117917	0	144.4909427819407
MAGIC_2020_110.2020_110T	509.8015006012233	0	0	685.4399591443419	0	0	0	0	0	0	236.79169975230332	0	337.9668405021316
MAGIC_2020_111.2020_111T	302.62436627905663	0	165.714519307155	299.9727392934472	0	0	0	0	0	0	0	0	167.6883751203411
MAGIC_2020_112.2020_112T	554.5447097332672	0	382.27610730407747	727.6715061921988	0	0	0	0	0	0	0	0	523.5076767704566
MAGIC_2020_113.2020_113T	663.5967318785781	1999.7119149004636	420.7019067627857	0	0	0	354.74453475349037	0	0	0	0	0	588.2449117046822
MAGIC_2020_116.2020_116T	761.9173035098502	2194.450944274663	0	0	0	0	3904.7802102860605	0	0	0	0	0	1093.8515419294263
MAGIC_2020_118.2020_118T1	620.3094453574049	0	284.65721324178725	1062.1202020086812	0	0	0	0	0	0	0	241.28063247510465	272.63250691702206
MAGIC_2020_118.2020_118T2	689.4629375957416	0	401.9960980970719	992.5379822939287	0	0	0	0	0	0	0	244.78397265154982	213.21900936170778
MAGIC_2020_120.2020_120T	268.63063935334264	0	448.023139797166	556.1174026511115	0	0	0	0	0	0	0	0	170.22881819837994
MAGIC_2020_122.2020_122T	547.7012985943251	0	0	583.8927494568959	0	0	0	0	0	0	0	0	628.4059519487791
MAGIC_2020_123.2020_123T	296.60849497053766	0	297.2112361392861	389.663283317127	0	0	0	0	0	0	0	0	223.51698557304917
MAGIC_2020_126.2020_126T	288.34810387341497	0	159.78738422413244	569.2937787556507	0	0	0	0	0	0	0	0	233.5707331468019
MAGIC_2020_127.2020_127T	412.6305348147187	0	977.5553659059387	2937.983629300609	0	0	0	0	0	0	1611.2447466044619	0	136.58572337427177
MAGIC_2020_128.2020_128T	334.4551177949907	179.95568892467122	390.4077770347576	606.5976552023665	0	0	119.6092905517678	0	0	0	0	0	136.97447049144625
MAGIC_2020_130.2020_130T	701.1237548884446	0	0	645.6271449991027	0	0	0	0	336.6667385576996	0	0	0	583.5823615547531
MAGIC_2020_131.2020_131T	446.9070375573372	0	0	1120.2426769154836	0	0	0	0	0	0	0	0	365.85028552717927
MAGIC_2020_132.2020_132T	303.7672305008099	0	356.1979001998868	602.7338728288155	0	0	0	0	0	0	0	0	129.30099647048792
MAGIC_2020_133.2020_133T	535.0154715927532	0	0	1065.169248996834	0	0	0	0	0	0	0	237.17033308572633	799.6449463246863
MAGIC_2020_134.2020_134T	994.9888065575315	218.59107296437378	422.182447190041	1026.4712028041906	0	0	0	0	0	0	0	0	209.76647048386303
MAGIC_2020_135.2020_135T	234.96879485601886	0	301.50517061240885	611.1386121783628	0	0	0	0	0	0	0	0	223.38742235320956
MAGIC_2020_136.2020_136T	460.0779012639537	0	0	1174.3091732186062	0	0	0	0	0	0	0	0	380.6129255174401
MAGIC_2020_139.2020_139T	0	0	2876.805340092599	0	0	0	0	0	0	0	0	0	1534.1946599074008
MAGIC_2020_141.2020_141T	282.6955645995014	0	0	709.162181824765	0	0	0	0	0	0	0	0	551.1422535757337
MAGIC_2020_142.2020_142T	644.5020299192674	442.0310426149308	464.09252805856846	718.7791796434884	0	0	0	0	0	0	0	214.3506724497297	151.2445473140151
MAGIC_2020_143.2020_143T	244.60132364564157	0	0	533.8546326567293	0	0	0	0	0	0	0	0	389.54404369762915
MAGIC_2020_146.2020_146T	300.1021403354482	0	0	511.58872873771475	0	0	0	0	0	0	0	0	312.30913092683704
MAGIC_2020_148.2020_148T	555.7945613356509	0	723.3072026309646	1866.091000975341	0	0	0	0	0	0	0	0	630.8072350580433
MAGIC_2020_149.2020_149T	376.37566115571974	0	644.468094060217	1008.4783741765975	0	0	0	0	0	0	0	0	449.6778706074656
MAGIC_2020_150.2020_150T	524.7511804315229	290.85510046914874	296.47549959789444	783.5946282876891	0	0	377.54574957448483	0	0	0	0	0	409.7778416392598
MAGIC_2020_153.2020_153T	582.3951515804633	0	2902.423028041869	2693.3777113458445	0	0	0	0	0	0	0	0	1343.804109031823
MAGIC_2020_154.2020_154T	754.3085416631957	0	4337.468131936027	4606.788248537833	0	0	0	0	0	0	1509.2035921830843	0	504.23148567986027
MAGIC_2020_155.2020_155T	184.5623327810602	0	280.18230474403344	353.0239694295009	0	0	0	0	0	0	0	0	107.23139304540541
MAGIC_2020_156.2020_156T	796.4136771208293	336.63256985140833	1071.7940706890108	0	0	1633.2146554244719	0	0	0	0	0	0	1249.9450269142799
MAGIC_2020_159.2020_159T	665.728856152307	0	626.8825273784736	2248.507008032211	0	0	0	0	0	0	0	0	474.88160843700825
MAGIC_2020_160.2020_160T	733.651546080963	0	675.9705454652797	2289.6549504517416	0	0	0	0	0	0	0	0	543.7229580020157
MAGIC_2020_161.2020_161T	483.96242962338044	0	693.0334182987245	1784.640474616762	0	0	0	0	0	0	560.5049146153849	0	170.85876284574806
MAGIC_2020_168.2020_168T	757.5847366187486	0	704.45977278347425	1390.770241606942	0	0	0	0	0	0	0	0	285.18524899083513
MAGIC_2020_169.2020_169T	321.9525458946937	0	391.9229166510968	536.703504695809	0	0	0	0	0	0	0	0	265.42103275840054
MAGIC_2020_170.2020_170T	250.75698288814624	0	258.3911475820548	301.1801140208915	0	0	0	0	0	0	0	0	374.6717555089074
MAGIC_2020_173.2020_173T	544.0358686706641	0	831.6791364890707	1834.4354384341086	0	0	0	0	0	0	403.61309026987715	0	347.23646613627943
MAGIC_2020_174.2020_174T	0	0	1256.642851038222	0	0	1236.7987597752767	0	0	0	0	0	0	1877.5583891865012
MAGIC_2020_176.2020_176T	601.5241187205559	0	324.8046371243971	1380.4803898805235	0	0	0	0	0	0	0	0	473.19085427452364
MAGIC_2020_177.2020_177T	513.4674025388738	0	0	983.7947975178492	0	311.7904849600251	0	0	357.66166193593835	0	0	0	757.2856530473136
MAGIC_2020_179.2020_179T	697.044543260136	1879.6080571469697	0	474.604919157272	0	0	2122.56826759637	0	0	0	0	0	414.1742128392525
MAGIC_2020_182.2020_182T	569.0796846385654	0	0	1870.0769636667842	0	0	0	0	0	0	0	0	481.84335169465066
MAGIC_2020_183.2020_183T	382.9648681170729	86.22687362380984	0	352.7367660517431	0	0	0	0	0	0	0	0	257.07149220737415
MAGIC_2020_184.2020_184T	366.5107106827278	0	232.93634410483008	899.9193582298732	0	0	0	0	0	0	0	0	143.6335869825689
MAGIC_2020_186.2020_186T	340.839933816579	0	0	716.5312131144299	0	0	0	0	0	0	0	191.8403006154733	447.7885524535179
MAGIC_2020_187.2020_187T	362.9871510133627	0	0	777.1106362569617	0	0	0	0	0	0	0	205.04829301328456	591.8539197163911
MAGIC_2020_188.2020_188T	918.278432043989	0	304.87116473502954	880.5748650690797	0	0	0	0	0	0	0	0	426.27553815190186
MAGIC_2020_189.2020_189T	507.14996288720886	348.6497337580077	1846.346972409402	1466.4110424067962	0	0	1114.4201837520934	0	0	0	0	0	237.02210478649158
MAGIC_2020_191.2020_191T	416.80691964846966	0	280.55232397797226	684.8831607689744	0	0	0	0	0	0	0	0	276.7575956045837
MAGIC_2020_192.2020_192T	710.0045947121405	0	1365.0844976455583	2053.505009928956	0	0	0	0	0	0	0	0	751.4058977133454
MAGIC_2020_193.2020_193T	944.505016181784	390.1315888290919	759.329175237671	1034.0363609085693	0	0	0	0	0	0	0	0	719.9978588428839
MAGIC_2020_200.2020_200T	581.862772342262	0	630.0325788822097	1151.459767537477	0	0	249.62750013888825	0	0	0	0	0	443.0173810991628
FBC013587	1262.2827925391152	541.8881846746033	3392.152202137411	1108.5470610310385	0	1081.6665989555754	854.4615867390717	0	0	0	0	0	243.00157392318397
FBC016006	746.3087778094005	0	0	1259.033505450716	0	0	0	0	993.5714514030831	0	0	0	814.0862653368004
FBC016026	0	0	3669.1540980761793	896.0591086980471	0	2310.9937485333962	0	0	0	0	0	0	1208.7930446923774
FBC016050	0	2764.6439922544732	2525.5160068222176	0	0	3653.7497515196173	4660.9897645156525	0	0	0	0	0	2931.1004848880402
FBC020021	410.31698381627564	0	2940.0826496363798	1041.4612414881794	0	610.2663471008939	0	0	0	0	0	0	655.8727779582714
FBC020030	0	0	8119.524984905566	1974.0544968706256	0	3317.6563795438788	0	0	0	0	0	0	3383.7641386799296
FBC020031	694.6792602409521	652.7526572047013	2956.550508233434	2025.6779732331652	0	655.556958541949	1154.1077352791194	0	0	0	0	0	362.67490726667893
FBC020034	0	0	5622.118781870895	2365.739686928434	0	919.4517747074542	0	0	0	0	0	0	1646.689756493217
FBC020091	589.715780869829	0	3683.8353745836994	1930.7047814165446	0	0	1205.0860914111881	0	0	0	0	0	688.6579717187387
FBC020160	509.79485636162553	0	2138.271542366656	1275.3008243349018	0	2426.5141706958966	0	0	0	0	0	0	1115.1186062409197
FBC020187	960.4380930926175	0	6680.022379689393	1854.5922588340086	0	1696.8866066617015	0	0	0	0	0	0	1039.0606617222784
FBC020444	0	0	1016.2103024291769	1470.1486125355314	0	1056.0747450182484	0	0	0	0	0	0	984.5663400170433
FBC020636	752.4384324220389	0	503.775938078648	1793.7130793225597	0	0	332.0488600169324	0	0	0	0	0	953.023690159821
FBC020675	643.7022906058852	0	3682.1743183520903	1483.8178328866832	0	741.6044141850475	500.70509524661514	0	0	0	0	0	435.99604872367854
FBC030010	770.3415670286932	0	2768.2079451954423	1146.3629296160714	0	1756.722462071345	0	0	0	0	0	0	1061.365096088448
FBC030130	1123.6198283928975	0	9546.392246797552	1715.863256634736	0	1896.967022942266	921.6892489602369	0	0	0	0	0	866.468396272312
FBC031273	467.1921953953729	0	0	1304.6421386301367	0	0	0	0	0	0	0	0	473.16566597449037
FBC040197	680.0423715106263	0	259.4311216057218	1058.575224061919	0	0	0	0	0	0	0	0	353.951282821733
FBC040626	920.387568954003	0	5564.525625930797	2638.014819468731	0	1356.8197749778064	894.9914595607399	0	0	0	0	0	634.2607511079223
FBC050001	0	0	4856.037700038128	1973.0837453796153	0	2835.9325665972065	725.6938684683265	0	0	0	0	0	1904.2521195167246
FBC050003	970.5482690519477	0	634.4519703133939	1747.5348584394137	0	672.4362147418562	0	0	0	0	0	0	772.0286874533886
FBC050018	617.6848326112945	0	2390.324625697356	615.0616168498725	0	758.7130552470651	0	0	0	0	0	0	803.2158695944117
FBC050024	461.900279187449	0	0	1295.088477559468	0	0	0	0	0	0	0	0	692.0112432530832
FBC050467	968.3110632736748	0	2361.7799823656396	1997.8249580544164	0	1465.052524916416	0	0	0	0	0	0	675.0314713898533
FBC050528	2382.4955400794724	0	819.6372584075382	1222.9168227611538	0	748.0563272059885	0	0	834.0511187653506	0	0	0	1211.842932780497
FBC050558	1259.8797269389902	0	590.4452538110355	865.8288863764278	0	362.25924221330274	0	0	281.1504232236797	0	0	0	478.43646743656427
FBC050642	0	0	4673.927773867808	1240.975477250317	0	2786.1548488740864	0	0	0	0	0	0	2041.9419000077887
FBC050727	656.1560527687279	0	397.9475065996853	1617.4904185003857	0	0	0	0	0	0	0	0	667.4060221312011
FBC050798	1119.7587076976229	525.0921526532538	565.7819038429484	1588.5700462676355	0	689.1500263633661	0	0	0	0	0	592.543928768847	367.103234406326
FBC050979	575.2419333235459	0	0	1157.109939189812	0	0	0	0	0	0	0	209.76524270354878	625.8828847830932
FBC051074	367.3925578389479	0	1466.054917092707	722.6408849136885	0	738.7251595836135	0	0	0	0	0	424.45732850207685	525.7291520689664
FBC051334	0	2600.925864507641	3856.218519524239	2496.199619070062	0	2082.43850194297	3962.709436807022	0	0	0	0	0	809.5080581480652
FBC060031	0	624.9701233951564	4872.0696175223775	1867.1972207785902	0	1195.0725341453103	915.9108320050525	0	0	0	0	0	697.7796721535124
FBC060097	0	0	4972.437001217529	2331.0811135531394	0	3568.001837310908	0	0	0	0	0	0	2465.480047918423
FBC060116	921.2554982965536	0	4925.660181791118	1981.5770322074427	0	3651.195553337837	0	0	0	0	0	0	1658.3117343670492
FBC060159	360.7988323391428	0	0	1173.8093767959251	0	0	0	0	0	0	0	0	612.3917908649321
FBC060411	747.9392185156593	672.097498563546	0	1503.160007219431	0	1544.1330570353975	0	0	0	0	0	649.4072342559732	1014.2629844099929
FBC060450	1124.6410501744344	0	0	1448.4191018731944	0	0	0	0	0	0	0	0	1012.9398479523711
FBC060467	587.8363260836003	0	4181.737076747236	1358.980137833678	0	0	1411.2826757182706	0	0	0	0	0	605.1637836172149
FBC060681	0	0	5963.70181819288	1398.9106765774313	0	5955.9544901352	0	0	0	0	0	0	2406.433015094488
FBC060743	1101.860250776214	356.11932047879986	0	953.0731740039893	0	0	0	0	0	0	0	0	622.9472547409969
FBC060776	0	0	2637.3669626537726	1012.0224192672583	0	2195.8575346286098	0	0	0	0	0	0	1327.7530834503596
FBC061126	700.7652715121137	0	3231.2449288719663	1627.2406218597152	0	0	0	0	0	0	0	0	1004.7491777562045
FBC061542	0	0	2178.0671054145414	1551.3323424283162	0	1748.783784990549	0	0	0	0	0	0	1641.8167671665933
FBC061699	653.4956971133846	0	4947.108030867901	2577.707446390145	0	779.757667642913	672.7341428468494	0	0	0	0	0	212.19701513880682
FBC062060	516.7131010222249	0	684.4587130379999	1408.4406187017803	0	0	0	0	0	0	0	0	585.387567237995
FBC070003	0	0	1375.0540254199418	1248.1790122342475	0	1258.2410775814178	0	0	0	0	0	0	1427.5258847643927
FBC070021	0	0	2060.28200966809	1661.9492663179121	0	1508.539611320885	513.3564366304536	0	0	0	0	0	1297.8726760626596
FBC070086	855.7346462482433	625.4521981046066	590.9571271007321	932.1079612138269	0	0	369.1353557010526	0	0	0	0	0	207.61271163153833
FBC070107	859.3641812369281	290.29544540891976	1134.2708383460065	1117.0243795140314	0	0	0	0	411.1526170804531	0	0	0	376.892538413661
FBC070169	0	13528.133274923292	0	0	0	0	13515.248929958761	0	0	0	0	0	2794.617795117949
FBC070197	835.8812537659609	0	3596.8632725868374	1760.6204941751184	0	0	0	0	0	0	0	0	1201.6349794720836
FBC070205	0	0	1612.5920001332229	0	0	1172.9140261230527	0	0	12291.328321932197	0	0	0	1077.165651811527
FBC070261	911.1895404513516	0	2736.5369986041687	2003.069219098607	0	1220.4717957248047	0	0	0	0	0	0	622.7324461210683
FBC070266	484.98305004461724	0	1858.6687516563513	1385.204089408921	0	682.0460731291753	0	0	0	0	0	0	634.0980357609351
FBC070295	777.047615048379	742.7810471692148	666.3252285105751	930.4041175060358	0	0	295.5146235250033	0	0	0	0	0	560.927368240792
FBC070425	738.0835357229605	0	510.0589687624376	1291.5691921815464	0	370.40755984380405	0	0	0	0	0	0	627.8807434892515
FBC070474	798.7622400779193	0	707.7886271475261	1999.0704888505325	0	0	0	0	778.1693034092467	0	0	0	1120.2093405147752
FBC070890	3702.1875608047612	0	3628.8207121463506	0	0	2406.5954756676447	0	0	0	0	0	0	751.3962513812439
FBC071015	407.9214413961423	0	1148.278242519414	1396.3732080696564	0	1183.981404403365	0	0	0	0	0	0	808.4457036114218
FBC080607	0	0	3734.236425374712	1563.9348939644588	0	0	1211.835368018699	0	0	0	0	1626.7062530270755	1582.2870596150551
FBC090235	495.0496934691889	0	3262.8869556945756	1015.6246397986376	0	472.546304385313	0	0	0	0	0	0	310.892406652285
FBC090326	0	0	3555.4184139747385	1997.5552238591074	0	662.7405369601031	1037.649526214941	0	0	0	0	0	1407.6362989911104
FBC090590	1022.1212072348029	542.5761147268962	429.6716416892766	1320.2913947240077	0	0	0	0	0	0	0	0	247.3396416250166
FBC100739	933.8032744994482	0	4944.775958665799	2673.178255652595	0	1086.9754990638003	1115.059852381532	0	0	0	0	0	648.2071597368249
FBC106021	0	0	3820.80055121384	1186.017778687621	0	2275.9945955245207	564.1409013831769	0	0	0	0	0	1103.0461731908408
FBC106117	601.4737432936556	220.36345964105453	0	1107.831979405798	0	344.55791946617717	0	0	0	0	0	245.34535246972513	316.42754572358945
FBC108061	676.133885151545	0	3423.084435167916	1385.1959632091148	0	0	1209.4751936223506	0	0	0	0	0	938.1105228490733
FBC110004	542.0932573083579	0	2832.651478008044	1391.0368905888074	0	0	811.6268865312625	0	0	0	0	0	134.59148756352806
FBC110062	662.5243427618402	0	2574.530400736127	1287.061878414373	0	600.8472452615229	546.5328793836384	0	0	0	0	0	183.50325344249904
FBC112021	492.229651866891	0	3590.166655796719	1427.8961824686153	0	0	635.5035373604017	0	0	0	0	0	596.2039725073728
FBC208006	538.6980654471051	0	3695.3866369737743	0	0	1381.4751042835278	786.9211698967839	0	0	0	0	0	1198.5190233988087
FBC212009	3134.7004182305654	0	3895.9363347181525	1631.9602642756113	0	7635.429236983054	0	0	2812.4573372470995	0	0	0	3256.516408545518
FBC406015	628.5081682277507	0	4112.41450580128	2086.705050122621	0	0	0	0	0	0	0	0	1243.3722758483482
FBC413175	0	0	2029.8909326427624	1072.757478075985	0	1319.1509368493128	378.1540266359822	0	0	0	0	0	958.0466257959579
FBC510118	0	0	4011.4936064872336	2687.026669031247	0	2144.8425854676116	0	0	0	0	0	0	1404.6371390139084
FBC712007	0	0	9266.199872798996	1447.2046841669253	0	3470.944270855305	0	0	0	0	0	0	1617.6511721787738
GQ20P000001.QIRBH001_LB_2144071679	460.71968560042853	0	531.3614193802794	489.34520354024795	0	0	0	0	0	0	0	0	637.5736914790441
GQ20P000002.QIRBH002_MK_2146427012	770.8773386572595	642.7498962144939	622.6846006580588	1327.8872283219516	0	0	316.3985176879514	0	0	0	0	0	431.40241846028493
GQ20P000003.QIRBH003_MJ_2146480638	1463.3213467323824	0	8870.014997031294	3246.4353987237296	0	0	2002.8722543308859	0	0	0	0	0	1510.3560031817087
GQ21P000001.QIRBH004T	558.7058932402422	394.0930835657313	412.8350011161041	638.6814772867165	0	299.5882432008291	366.4999161221987	0	0	0	0	0	305.59638546817814
GQ21P000002.QIRBH005_LG_2146454423	469.86016409991976	253.38543859165978	945.4553148254447	903.1962655569907	0	0	551.4002427224958	0	0	0	0	0	240.70257420348935
GQ21P000003.QIRBH006T	762.2205622172728	581.7940871703565	0	924.846631782355	0	536.4059184432674	327.669101345019	0	1143.1855842478312	0	0	0	392.878114793898
GQ21P000004.QIRBH007_MH_2146452243	0	0	11584.152053394442	2431.696171904008	0	5590.236837658596	0	0	0	0	0	0	3102.9149370429514
GQ21P000005.QIRBH008_TR_2146466183	1054.7321527694162	2314.529237008702	0	1435.7320604452502	0	860.1946457237966	736.2010428282169	0	0	0	0	0	1128.610861224618
GQ21P000006.QIRBH009_SW_2146441962	368.9361984590776	326.7925139565059	2380.8868718668728	1166.6892347147082	0	0	612.6222210168073	0	0	0	0	0	435.07295998602785
GQ21P000007.QIPAH_001_MD_2140982045	0	0	4613.7970659938965	1271.2047563071396	0	1999.2625333822593	0	0	0	0	0	0	1417.7356443167046
GQ21P000008.QIPAH002_20230927_0023	1126.999514772828	0	1997.2202767188262	7170.935486311379	0	0	0	0	0	0	1815.8295815592448	0	1428.0151406377227
GQ21P000008.QIPAH002_MM_2056679464	741.9329532697052	0	0	1153.7300047755416	0	0	0	0	0	0	0	0	689.3370419547532
GQ21P000009.QIPAH003_Lp_2056718745	662.1570461557226	0	1088.363202580923	1237.0737517086118	0	879.5884469157461	0	0	416.341822362724	0	0	0	873.4757302762728
GQ21P000020.20510-91574	396.91044882246956	0	251.7563652057952	523.177825011793	0	0	0	0	0	0	0	0	557.1553609599423
GQ21P000021.20327-28556	862.2995489953408	1554.4686571105792	0	1629.171312588968	0	0	1143.558509665405	0	0	0	0	0	648.5019716397073
GQ21P000022.20567-28370	1649.0420940082302	431.66513332670036	646.6817845542573	1300.1235840638244	0	881.7386814619044	492.7028805382404	0	652.8288381305206	0	0	0	24.217003916322028
GQ21P000023.20508-92461	685.8696836757405	178.1392997023785	0	930.6854469301206	0	0	0	0	0	0	0	0	363.3055696917604
GQ21P000023.QIPAH006_20230927_0012	673.4212922768413	0	593.3978268498229	1986.3423400268616	0	0	0	0	0	0	0	0	617.8385408464742
GQ21P000024.21261-00272	1581.5185001175992	562.2281447043013	0	2357.7777936989132	0	0	0	0	881.7229415808193	0	0	0	1369.752619898367
GQ21P000025.20517-75409	0	5779.333769626082	0	0	0	0	4771.314741006727	0	0	0	0	0	1533.3514893671909
GQ21P000025.QIPAH011_20230927_0017	0	5275.538655347661	1067.6543895293876	2439.672372678955	0	0	4284.882932910047	0	0	0	0	0	1416.2516495339496
GQ21P000026.20327-28764	555.1805646846876	3852.4979912708964	0	0	0	0	1995.5797268191836	0	0	0	0	0	983.7417172252326
GQ21P000026.QIPAH013_20230927_0029	728.8221746587899	2833.8530526701506	1205.7279704200207	3045.2772374858705	0	0	1579.256328773693	0	0	0	0	0	946.0632359914744
GQ21P000027.20568-34523	614.6626161510732	0	0	744.0450960848691	0	331.1631992186502	0	0	0	0	0	205.1437678208406	404.9853207245669
GQ21P000028.20566-89783	486.4774286531368	0	0	1683.4739249600543	0	0	0	0	0	0	0	0	724.0486463868087
GQ21P000029.21302-71570	368.14452095765523	0	1125.2755033023543	1143.8488805147945	0	0	548.9732853247197	0	0	0	0	0	552.7578099004763
GQ21P000031.21462-64812	973.9166873641726	0	6641.397394663086	1453.7712478401586	0	2428.72906134766	0	0	0	0	0	0	1019.1856087849228
GQ21P000032.21456-09481	0	0	2063.79131245391	1084.7814210914867	0	2091.664033099809	0	0	532.2222950681285	0	0	0	995.5409382866656
GQ21P000036.21456-11167	716.8430638504028	3092.5774422009554	0	934.0797818854074	0	0	2622.5752662290815	0	0	0	0	0	1574.9244458341527
GQ21P000037.21456-09475	1073.0309531380585	0	1469.9052498373753	2280.518057317434	0	1104.9640799587241	0	0	786.114407547435	0	0	0	1197.4672522009732
GQ21P000038.21456-09409	555.9563309016073	0	0	887.3375153760257	0	0	0	0	0	0	0	0	447.70615372236693
GQ21P000039.20506-52065	457.4600740615008	1544.5868352327511	0	1294.4491579408275	0	0	495.4463041459646	0	0	0	0	0	1168.0576286189562
GQ22P000030.2214331176	1466.2174521086647	1578.2446865801476	3054.6041108302243	0	0	0	14092.65667006383	0	0	0	2327.563057739371	0	1232.7140226777628
GQ22P000031.2221172130	361.52243326097073	107.78430979276075	216.67770298797438	508.873490081952	0	0	0	0	0	0	0	0	230.14206387634204
GQ22P000032.22149-17787	0	6370.533106212544	0	2697.662397600724	0	0	6761.012406440911	0	0	0	0	0	2646.7920897458207
GQ22P000033.22131-98364	1990.0449517151978	550.4996878661304	1082.3370532089928	1061.1602173429071	0	567.6906236932687	401.68629158601595	0	0	0	0	0	503.5811745874871
GQ22P000034.22040-33323	0	0	5793.659452144669	2986.9814804798534	0	3198.5746111068356	933.4056848352448	0	0	0	0	0	2272.3787714333976
GQ22P000035.22149-17411	982.1148600179381	0	409.1902425185333	641.6926452322175	0	0	0	0	0	0	0	0	334.0022522313111
GQ22P000036.22131-90261	425.47563047332	0	1780.0328008605666	1146.5920096059367	0	0	366.9465890953313	0	0	0	0	0	530.9529699648456
GQ23P000002.2238343877	805.5618125506085	559.8702860422434	0	1321.1543165195553	0	419.3176831762453	1150.0985192712517	0	0	0	0	0	369.99738244009586
GQ23P000003.2133386171	1416.251696251119	1443.4010802656182	1917.6317215470433	1617.775968855211	0	1731.039347237936	1111.6670080470344	0	0	0	0	0	727.233177796039
GQ23P000004.2229036585	0	0	6680.61078919297	2373.831336649083	0	0	1081.6985720591076	0	0	0	0	0	2013.8593020988392
GQ23P000005.2246514739	1462.7226202780953	0	545.7954385615351	1248.8463416950672	0	0	0	0	0	0	0	0	518.6355994653022
GQ23P000006.2246955126	696.8577431247547	0	3566.1980766143797	0	0	660.5825678358065	501.3478397346694	0	0	0	483.6197371173813	0	703.3940355730083
GQ23P000007.2258831950	760.9238494414692	594.7540031178191	459.106805539864	1482.9421610672293	0	0	835.7317965102058	0	0	0	0	0	256.5413843234128
TCGA-A1-A0SM	839.070189293252	0	0	1442.11978259515	0	0	0	0	0	0	0	0	564.8100281115981
TCGA-A2-A04P	0	0	4333.55993980197	1087.7077695366163	0	1853.4638234183096	0	0	0	0	0	0	1391.2684672431042
TCGA-A2-A04Q	216.55618974397234	0	221.8658686869718	614.4057338406589	0	0	0	0	0	0	0	0	364.1722077283971
TCGA-A2-A04T	618.600684864107	0	3526.8083789869015	854.0650178785895	0	1371.576536598136	456.6650649143134	0	0	0	0	0	522.2843167579522
TCGA-A2-A04X	424.6638306504775	1343.3515708956324	0	779.9852635039897	0	0	1118.1605575738886	0	0	0	0	0	636.8387773760119
TCGA-A2-A0CM	1109.4353682090468	1136.3358034901325	557.043992776472	2174.643957937108	0	0	842.3296877777494	0	0	0	0	0	771.2111898094909
TCGA-A2-A0D0	700.5194992137676	0	4701.448344992157	1944.2957297345877	0	0	0	0	0	0	0	0	851.7364260594877
TCGA-A2-A0D1	1451.3599702493818	786.2215751220263	0	1748.5016476075627	0	0	369.344025501168	0	0	0	0	0	705.5727815198616
TCGA-A2-A0D2	487.52871546513006	0	3668.061301230382	1185.1439045326042	0	0	950.728258880525	0	0	0	0	0	930.5378198913586
TCGA-A2-A0D4	832.748474283047	0	690.0437771260977	1739.7493874688762	0	0	0	0	478.1804256312148	0	0	0	1237.2779354907643
TCGA-A2-A0EY	2157.174855389543	9522.891540245811	0	0	0	0	5563.989772018323	0	1666.1344456784277	0	0	0	2388.8093866678937
TCGA-A2-A0YG	1417.1254384348722	417.428327353706	651.9500622284274	2146.2361328924644	0	0	0	0	0	0	0	0	639.26003909053
TCGA-A2-A259	716.5180806015596	0	0	1084.38688027725	0	0	0	0	0	0	0	0	543.0950391211904
TCGA-A2-A25B	0	0	3516.254140811529	2254.1622471287633	0	2829.230577048924	0	0	0	0	0	0	2453.353035010783
TCGA-A2-A3KC	933.3079861183926	0	0	1406.7562874656194	0	399.7261956091435	0	0	428.66798025951664	0	0	0	410.5415505473279
TCGA-A2-A3XX	990.848405882216	0	0	1500.789484968987	0	0	0	0	0	0	0	0	1222.3621091487971
TCGA-A2-A3Y0	0	0	7267.631464267833	2699.7911355438664	0	1372.6166853201707	1158.2896883034148	0	0	0	0	0	1594.6710265647162
TCGA-A7-A0CE	616.0099834859086	0	4036.6184596737667	1883.1611041166811	0	804.4482411926585	0	0	0	0	0	0	968.762211530985
TCGA-A7-A13D	972.5150726963363	0	3877.8879413143386	2773.129571034786	0	0	659.573795143443	0	0	0	0	0	1030.8936198110969
TCGA-A7-A26G	801.3645476155998	0	2445.2016702879755	1406.0477305540949	0	0	0	0	0	0	0	0	1025.3860515423294
TCGA-A8-A075	0	1336.5050326486091	2244.760928985398	1294.135350647717	0	1803.1277021991452	722.6392802469304	0	0	0	0	0	1045.8317052722005
TCGA-A8-A07B	1330.6843231079652	955.801026834367	837.6973319120566	1710.0741371703834	0	0	1304.376394086355	0	0	0	0	0	759.3667868888724
TCGA-A8-A07I	1907.072551438096	385.4514894706213	526.6096476507346	1588.2247366482052	0	0	0	0	0	0	0	0	844.6415747923429
TCGA-A8-A08L	0	3487.430891898838	4570.207180405396	3059.5585219402556	0	6595.884811880818	3934.362749126045	0	0	0	0	0	1459.5558447486474
TCGA-A8-A08S	1414.3393079614439	0	0	2090.8465620264833	0	0	0	0	0	0	0	0	1247.8141300120728
TCGA-A8-A092	1381.692311794331	2186.891534378834	632.0477346077123	1275.9325267015397	0	0	2721.9143875989876	0	0	0	0	0	325.5215049185954
TCGA-A8-A094	0	5153.830733030181	0	5861.755165217837	0	0	7647.265776693128	0	0	0	0	0	2544.1483250588535
TCGA-A8-A09I	2464.977044970128	2625.356455437974	0	3425.0789969942343	0	1485.2092159255758	2026.1279890980204	0	0	0	0	0	1808.250297574068
TCGA-A8-A09X	969.5601389248774	798.3992165027394	0	1090.3747586068596	0	0	1334.2678265172644	0	0	0	0	0	880.3980594482591
TCGA-AC-A2BK	760.7282955589803	0	2692.5322500864845	2603.5430738972614	0	2477.0237858778064	0	0	0	0	0	0	1672.1725945794678
TCGA-AN-A04D	591.2504172449258	0	3639.383046193802	2656.7024178448555	0	929.3226132126667	0	0	0	0	0	0	476.34150550375034
TCGA-AN-A0AT	0	0	5127.120330549493	1326.6066803573121	0	1843.1864906927908	679.7262594165609	0	0	0	0	0	1405.3602389838434
TCGA-AN-A0G0	1116.477598767337	0	425.6947438989072	2055.2910710962065	0	0	0	0	0	0	0	0	797.5365862375493
TCGA-AN-A0XR	945.638417673834	0	0	1281.12807380989	0	0	0	0	341.9631133836202	0	0	0	1143.2703951326557
TCGA-AO-A03L	724.3965910643657	0	361.7169265993506	1115.001687881165	0	0	0	0	456.98547348783836	0	0	0	466.89932096728035
TCGA-AO-A03N	1403.6663880967953	2910.104555943335	0	1297.3417080636711	0	0	2975.736904068648	0	0	0	0	0	936.1504438275497
TCGA-AO-A0J2	0	0	2953.5899880263796	1703.8957077026794	0	3034.0187059460986	0	0	0	0	0	0	1012.4955983248419
TCGA-AO-A0J4	550.856315478884	0	2596.209745111154	1064.4887479795718	0	701.7952945724837	1124.099087660574	0	0	0	0	0	270.55080919733246
TCGA-AO-A0J6	746.1951020658556	552.8100979850165	4783.259335956915	1240.9011821597073	0	0	924.7518522745277	0	0	0	0	0	835.0824295579787
TCGA-AO-A0JM	1541.3630415200587	0	534.9438324443338	1121.1729551800895	0	0	0	0	0	0	0	0	873.5201708555178
TCGA-AO-A124	0	0	6679.849093596538	3552.752091478924	0	3357.563377107576	0	0	0	0	0	0	2146.8354378169624
TCGA-AO-A12H	640.4937186290786	0	0	1524.6129847671928	0	0	0	0	0	0	0	219.45343264414575	391.4398639595829
TCGA-AQ-A04J	619.4346690043407	0	2196.5112349895826	1201.3687166969908	0	1509.0526548514913	0	0	0	0	0	0	436.63272445759503
TCGA-AR-A0TX	0	11336.05551383772	0	0	0	0	16105.069551111523	0	0	0	0	0	2739.874935050757
TCGA-AR-A1AY	1372.4719496176695	0	1122.6803633822806	2078.8706770585068	0	0	0	0	0	0	0	0	439.97700994154366
TCGA-AR-A24Z	1032.251218084752	0	0	2154.8652904616265	0	0	0	0	502.01922837785264	0	0	451.71413837255045	896.1501247032184
TCGA-AR-A256	0	0	9724.754802832671	2560.266907683221	0	0	1490.672484105104	0	0	0	0	0	3815.3058053790046
TCGA-AR-A2LK	1378.9303706750904	448.4449384419752	0	1423.5874638927075	0	370.63193686124384	0	0	0	0	0	0	196.40529012898287
TCGA-B6-A0I1	1466.8157314689488	0	924.9190394510794	2652.4465746806	0	0	539.9695074087267	0	0	0	0	0	910.8491469906448
TCGA-B6-A0I2	819.6091683419551	451.4746689188472	986.7117873088869	1398.591638285268	0	0	661.213522452601	0	0	0	0	0	158.399214692442
TCGA-B6-A0IJ	0	833.9908956365146	5532.454933574229	2497.7244921430292	0	1814.111465250167	1756.2851812180197	0	0	0	0	0	1011.4330321780417
TCGA-B6-A0IQ	625.8183751789134	0	1685.363278944698	1625.7282042269678	0	0	0	0	0	0	0	0	517.0901416494207
TCGA-B6-A0RE	610.647884630238	0	2781.113593207582	3683.09322395674	0	1166.084569616721	950.5082349623683	0	0	0	0	0	647.55249362635
TCGA-B6-A0RT	230.55619070058532	0	869.670966519657	671.6491031295832	0	338.2892864538118	275.1201335724253	0	0	0	0	0	272.7143196239376
TCGA-B6-A0RU	716.5842218944701	0	1308.5650314462746	0	0	760.5107389884965	0	0	0	0	0	0	779.3400076707585
TCGA-B6-A0WX	940.2802423050579	0	635.9684956212775	1479.248890331823	0	475.32054606714377	0	0	0	0	0	0	404.18182567469785
TCGA-B6-A0X5	911.7097037489983	0	543.1164293381141	1375.5452810573229	0	0	0	0	1063.1164104656402	0	0	0	844.5121753899243
TCGA-BH-A0AV	580.8964502415758	0	3322.6214590383715	1372.0608301995157	0	1021.653920993511	623.1267228675077	0	0	0	0	0	724.640616659518
TCGA-BH-A0B3	647.1584430937112	0	735.2203197344411	1118.9024595079609	0	0	0	0	0	0	0	0	521.7187776638866
TCGA-BH-A0B9	655.3075451928863	0	779.3462308303488	1063.074265435859	0	315.2239995621251	0	0	0	0	0	0	400.047958978781
TCGA-BH-A0BW	0	0	2548.393395342378	2937.4001798402815	0	2856.609623179205	661.1428910721712	0	0	0	0	0	1612.4539105659642
TCGA-BH-A0DG	615.7438119905628	437.8008929588683	390.96051722871397	1098.1709018399754	0	0	194.32820300439568	0	0	0	0	0	360.995672977484
TCGA-BH-A0DT	463.65949085915236	0	215.09586312776224	481.07492174208323	0	198.7104361655006	0	0	0	0	0	0	240.45928810550163
TCGA-BH-A0E0	763.2572553271089	0	843.719332965866	855.0471728774069	0	414.5912031556221	0	464.9471177808988	0	0	0	0	386.4379178930976
TCGA-BH-A0EA	614.7702255587214	0	0	1399.478668612022	0	0	0	0	0	0	0	0	533.7511058292566
TCGA-BH-A0H0	905.804612263005	0	333.9352903873048	1208.4426044135566	0	0	0	0	0	0	0	257.9008636642384	295.9166292718951
TCGA-BH-A0H6	1121.8979881542045	0	0	761.9505938180329	0	256.84700287606984	0	0	0	0	0	0	369.30441515169287
TCGA-BH-A0WA	621.9682609645638	0	2128.448705469964	1322.190991303189	0	1956.6882619036664	427.0747247979882	0	0	0	0	0	428.62905556062833
TCGA-BH-A18R	705.9304535059546	0	531.6621337623974	1768.678293914175	0	0	0	0	0	0	0	0	1006.7291188174731
TCGA-BH-A1FC	1521.4359488358334	718.0157853212461	2839.4360116711077	2221.1009535045673	0	0	1703.9864418329166	0	0	0	0	0	82.02485883432928
TCGA-C8-A12L	577.3379079692056	0	2832.36148640017	2686.3065717607947	0	0	582.6012543023899	0	0	0	0	0	1224.39277956744
TCGA-C8-A12Q	982.1804326856482	4852.244088518575	0	1297.3865009137198	0	0	2896.4878896668333	0	0	0	0	0	1939.7010882152244
TCGA-C8-A130	851.2408920692837	282.9279783870193	0	976.9210702829347	0	486.50770230111607	366.08010700092393	0	567.7410846819953	0	0	0	387.581165276727
TCGA-D8-A27F	0	0	3457.6336513629917	1853.0002374341848	0	1980.4064708902554	0	0	0	0	0	0	1299.959640312568
TCGA-D8-A27H	852.9357372852772	0	5264.922823135061	1649.7202567689465	0	1197.6806072446898	1878.044509130282	0	0	0	0	0	883.696066435743
TCGA-E2-A109	923.9284524042467	0	1043.5663432656393	1429.1233657585017	0	4645.637300157295	0	0	0	0	0	0	1226.7445384143175
TCGA-E2-A14P	1578.054534865912	1667.980248451572	0	2022.8790434285888	0	1315.833946191157	927.321415106036	0	0	0	0	0	898.930811956734
TCGA-E2-A14X	1070.0313844160607	0	451.14052006869457	1585.087915981098	0	0	0	0	0	0	0	0	610.7401795341466
TCGA-E2-A152	1043.4988292368814	3637.1929180231496	0	0	0	0	6525.283154309309	0	0	0	0	0	2224.0250984306604
TCGA-E2-A156	687.1109209498934	0	0	1096.5914166652099	0	0	0	0	0	0	0	0	628.2976623848967
TCGA-E2-A15E	857.1309989115571	0	449.4786259348908	1465.0874385337142	0	363.70584499730256	0	0	277.66841524167035	0	0	0	379.928676380865
TCGA-E2-A15H	766.3778009199223	0	0	951.517789537806	0	0	0	0	0	0	0	0	486.1044095422717
TCGA-E2-A15K	782.4171400624554	631.2596544579246	0	2510.358486997617	0	0	0	0	1830.76895068063	0	0	0	328.1957678013732
TCGA-E2-A1LG	0	3538.5405407108956	0	1329.8242734437056	0	0	8145.6296493237005	0	0	0	0	0	2107.0055365216976
TCGA-E2-A1LK	2518.3668484973555	0	0	1752.5814264302426	0	0	0	0	0	0	0	0	779.0517250724024
TCGA-E2-A1LL	0	0	1166.5209043151929	2270.77978907299	0	2859.7302275390048	0	2463.3927774099984	0	0	0	0	1903.5763016628134
TCGA-E9-A1NH	666.6172435132692	0	0	1304.2636038713827	0	0	0	0	0	0	0	0	933.1191526153482
TCGA-EW-A1J5	0	24650.102957008054	0	0	0	0	17262.345418282617	0	0	0	0	0	2001.5516247093328
TCGA-EW-A1P8	747.991803445279	0	705.6917109096194	1435.544772036294	0	0	0	0	0	0	0	0	395.77171360880766
TCGA-EW-A1PB	0	2774.4358609623905	4043.6432469922993	2247.6325137896756	0	0	4829.20908650242	0	0	0	0	0	1798.0792917532144
TCGA-EW-A1PC	0	2243.940660602623	0	3583.6358381822242	0	3361.107552754268	0	9270.550494719613	0	0	0	0	2410.765453741271
TCGA-EW-A1PH	1194.404093616779	0	1645.7442694007718	2529.550099681379	0	0	595.9245106423512	0	0	0	0	0	758.3770266587189
TCGA-EW-A3U0	0	0	6596.431489276031	0	0	7076.815255955851	0	0	0	0	0	0	3361.7532547681185
TCGA-GI-A2C9	0	0	5009.740030381508	2501.072586907848	0	4181.021478987242	0	0	0	0	0	0	1846.1659037234022
TCGA-GM-A2DF	753.4011030647275	0	799.6151681599335	955.5022203653826	0	0	317.989718874406	0	0	0	0	0	370.4917895355502
TCGA-GM-A3XL	649.7171631009883	696.6724355411109	4022.0924444226384	2135.182324205234	0	0	1564.6349613684254	0	0	0	0	0	319.7006713616029
